{"cameraMode":{"drawMode":0,"name":"Shaded","section":"Shading Mode"},"sceneLighting":true,"audioPlay":false,"sceneViewState":{"m_AlwaysRefresh":false,"showFog":true,"showSkybox":true,"showFlares":true,"showImageEffects":true,"showParticleSystems":true,"showVisualEffectGraphs":true,"m_FxEnabled":true},"in2DMode":false,"pivot":{"x":-0.7745966911315918,"y":12.142439842224121,"z":51.236793518066409},"rotation":{"x":-0.0029992414638400079,"y":-0.02370133064687252,"z":0.00007117636414477602,"w":-0.9997154474258423},"size":43.46931457519531,"orthographic":false}